f1,f2,f3,f4,f5,f6,f7,f8,f9,f10,f11,f12,f13,f14,f15,f16,f17,f18,f19,f20,f21,f22,f23,f24
0.656961,0.012290899999999999,0.286177,0.0207976,0.122608,0.8190390000000001,0.764212,0.337248,0.605468,0.312697,0.902847,0.43982299999999996,0.28721199999999997,0.6340399999999999,0.728008,0.591596,0.44079300000000005,0.314308,0.451791,0.8573370000000001,0.334329,1.03647,0.339098,1.0368700000000002
0.6110329999999999,0.0138078,0.31580199999999997,0.0238858,0.286643,0.880199,0.8520620000000001,0.46966800000000003,0.451103,0.266341,0.9423239999999999,0.297111,0.42629300000000003,0.723488,0.7902,0.703523,0.29982,0.431432,0.577372,0.8226979999999999,0.365045,1.03179,0.369371,1.0290700000000002
0.68723,0.016101,0.334916,0.029446899999999998,0.5015310000000001,0.947032,0.9619559999999999,0.655634,0.317641,0.339928,0.973884,0.197284,0.28781799999999996,0.6599689999999999,0.770759,0.590867,0.576344,0.28905,0.415446,0.9029799999999999,0.45296099999999995,0.867333,0.458575,0.861451
0.635429,0.0126319,0.291195,0.0199424,0.16276500000000002,0.81082,0.762688,0.372236,0.5536479999999999,0.33285,0.9086989999999999,0.392687,0.354428,0.665938,0.75088,0.641996,0.398992,0.351823,0.499708,0.809976,0.327736,1.04285,0.336909,1.0361799999999999
0.61417,0.013550999999999999,0.31246399999999996,0.0228762,0.262816,0.906536,0.8738379999999999,0.413105,0.487335,0.24718600000000002,0.949257,0.34723899999999996,0.42053100000000004,0.7356659999999999,0.812018,0.711591,0.328754,0.41425100000000004,0.566117,0.802195,0.383062,0.987418,0.381786,0.985107
0.636976,0.0126754,0.295158,0.021183700000000003,0.160717,0.850927,0.76912,0.366873,0.553454,0.309614,0.926522,0.384261,0.33899,0.667495,0.758392,0.6351760000000001,0.400538,0.355615,0.49205699999999997,0.8264030000000001,0.380148,1.00315,0.381537,0.9985729999999999
0.643243,0.011692200000000002,0.30643000000000004,0.0219254,0.224744,0.8580110000000001,0.8215049999999999,0.41508,0.506206,0.27492,0.92155,0.360505,0.311257,0.632467,0.722008,0.601525,0.41411000000000003,0.346925,0.47244899999999995,0.813714,0.31595100000000004,1.06473,0.303531,1.07037
0.677647,0.0166768,0.301838,0.0223891,0.20382,0.852139,0.804369,0.405969,0.53296,0.262894,0.934765,0.36695300000000003,0.305201,0.653628,0.742039,0.6145649999999999,0.507869,0.23615999999999998,0.454099,0.927484,0.34511,1.0213,0.33123,1.02462
0.675614,0.014382399999999998,0.305684,0.0215928,0.206177,0.882495,0.833834,0.375419,0.515409,0.278089,0.938581,0.36127800000000004,0.26809499999999997,0.6380060000000001,0.736538,0.5881770000000001,0.5004810000000001,0.269331,0.42835100000000004,0.895812,0.356375,1.02163,0.377353,1.0127700000000002
0.662266,0.014485499999999998,0.299847,0.0231081,0.185473,0.881041,0.813081,0.37198600000000004,0.561866,0.24270300000000003,0.947464,0.39333,0.303399,0.668924,0.764662,0.621437,0.47056800000000004,0.308557,0.458525,0.877669,0.397529,0.9678959999999999,0.38961799999999996,0.972051
0.6686439999999999,0.0123678,0.28805,0.0216328,0.137154,0.8278,0.763903,0.332757,0.624843,0.297469,0.9157879999999999,0.476112,0.246094,0.6092310000000001,0.714529,0.56183,0.48067600000000005,0.283352,0.418842,0.870394,0.350396,1.01439,0.36073299999999997,1.00423
0.649162,0.0133209,0.30852399999999996,0.024299099999999997,0.251661,0.8696719999999999,0.827311,0.44821400000000006,0.5185489999999999,0.212493,0.93222,0.361811,0.309749,0.642845,0.726479,0.609114,0.397903,0.33347899999999997,0.49144499999999997,0.873782,0.355115,1.0176100000000001,0.365796,1.0095299999999998
0.623229,0.015078799999999998,0.313203,0.0228812,0.259013,0.90249,0.850671,0.42693000000000003,0.483283,0.255548,0.9451930000000001,0.33469,0.41003,0.7380260000000001,0.811481,0.7134550000000001,0.309381,0.382695,0.565196,0.8523540000000001,0.381472,0.987282,0.39124699999999996,0.9807389999999999
0.658107,0.0125377,0.258273,0.0219707,0.142258,0.807192,0.676932,0.24333000000000002,0.773324,0.439997,0.8976799999999999,0.621145,0.29279,0.632578,0.729476,0.5915739999999999,0.46448199999999995,0.321156,0.44477700000000003,0.848469,0.34272600000000003,1.01655,0.344099,1.0147
0.617533,0.0123496,0.312033,0.0224285,0.275598,0.862527,0.808489,0.471655,0.445126,0.324922,0.9313950000000001,0.27463699999999996,0.370503,0.664519,0.7469140000000001,0.641178,0.352452,0.403238,0.532144,0.803833,0.387525,1.00158,0.347379,1.01937
0.6460020000000001,0.013144,0.298505,0.021678599999999996,0.18392,0.8517379999999999,0.786389,0.381035,0.539215,0.301526,0.924692,0.369937,0.302275,0.650849,0.745726,0.621754,0.389189,0.311364,0.481998,0.850242,0.401053,0.97564,0.36741799999999997,0.989326
0.625622,0.012961199999999999,0.298962,0.021238,0.20619200000000001,0.840316,0.771741,0.41173999999999994,0.513908,0.332302,0.9267540000000001,0.346058,0.36278,0.686096,0.77566,0.654898,0.374328,0.384429,0.5162680000000001,0.816204,0.397613,0.9876520000000001,0.380483,0.994776
0.620408,0.0132019,0.31817199999999995,0.0231257,0.32171700000000003,0.861181,0.835843,0.48859600000000003,0.394758,0.391796,0.920083,0.25364200000000003,0.368132,0.668812,0.752717,0.64181,0.36839,0.399523,0.524346,0.810791,0.41145,0.9825459999999999,0.389954,0.987139
0.609935,0.0202552,0.31043000000000004,0.0264645,0.297748,0.9092629999999999,0.8966620000000001,0.447632,0.534373,0.155585,0.958084,0.378917,0.529688,0.814483,0.873274,0.812627,0.278233,0.46714700000000003,0.66565,0.8334950000000001,0.529621,0.8652040000000001,0.5081,0.865756
0.63945,0.0142308,0.297131,0.0254262,0.229129,0.851406,0.792983,0.42018199999999994,0.561484,0.285853,0.9373809999999999,0.38016,0.347283,0.685625,0.768517,0.656407,0.367735,0.347267,0.5164489999999999,0.8669040000000001,0.375329,0.966173,0.36157,0.968192
0.53691,0.014218100000000001,0.329671,0.022860299999999997,0.365315,0.902681,0.8539450000000001,0.5178550000000001,0.33870100000000003,0.41206499999999996,0.948049,0.24735100000000002,0.557557,0.76613,0.835794,0.766221,0.35838000000000003,0.5780770000000001,0.670928,0.6256149999999999,0.36451300000000003,1.02776,0.35647399999999996,1.03241
0.517077,0.0149237,0.33403,0.022512599999999997,0.376408,0.8959299999999999,0.885689,0.5362899999999999,0.338177,0.358648,0.949699,0.258996,0.625838,0.807416,0.861857,0.819144,0.337473,0.638925,0.733011,0.598164,0.333848,1.0839,0.33568200000000004,1.08191
0.53691,0.014218100000000001,0.329671,0.022860299999999997,0.365315,0.902681,0.8539450000000001,0.5178550000000001,0.33870100000000003,0.41206499999999996,0.948049,0.24735100000000002,0.557557,0.76613,0.835794,0.766221,0.35838000000000003,0.5780770000000001,0.670928,0.6256149999999999,0.36451300000000003,1.02776,0.35647399999999996,1.03241
0.517077,0.0149237,0.33403,0.022512599999999997,0.376408,0.8959299999999999,0.885689,0.5362899999999999,0.338177,0.358648,0.949699,0.258996,0.625838,0.807416,0.861857,0.819144,0.337473,0.638925,0.733011,0.598164,0.333848,1.0839,0.33568200000000004,1.08191
0.844039,0.0187828,0.24781199999999998,0.0295483,0.31714200000000003,0.8688530000000001,0.716356,0.19464800000000002,0.857743,0.619228,0.939758,0.742548,0.396113,0.189163,0.257832,0.0962693,0.880417,0.533432,0.40812600000000004,0.964752,0.48568900000000004,0.832642,0.5117619999999999,0.8230059999999999
0.863591,0.019582099999999998,0.26477399999999995,0.029401599999999996,0.289152,0.9194760000000001,0.837634,0.13411700000000001,0.809303,0.498986,0.9649,0.687697,0.47122600000000003,0.283943,0.276419,0.195916,0.9117649999999999,0.5951770000000001,0.486375,0.9801110000000001,0.602229,0.756797,0.633523,0.743582
0.8265620000000001,0.0173076,0.264635,0.0289711,0.267823,0.908466,0.8086770000000001,0.10853399999999999,0.820419,0.488338,0.9613790000000001,0.695337,0.346639,0.22772199999999998,0.32460300000000003,0.14018699999999998,0.858038,0.47501499999999997,0.350198,0.9757889999999999,0.574558,0.78117,0.579769,0.780393
0.833458,0.019207,0.24665700000000002,0.0288421,0.324598,0.882357,0.69938,0.183542,0.8740389999999999,0.622128,0.938715,0.751135,0.37446799999999997,0.22429000000000002,0.326457,0.105939,0.892443,0.5071760000000001,0.375992,0.979095,0.589277,0.766598,0.602693,0.761429
0.828774,0.0183018,0.271356,0.0339713,0.352491,0.9335610000000001,0.866541,0.21470100000000003,0.85911,0.455561,0.964232,0.734228,0.367603,0.236749,0.347012,0.12485299999999999,0.8880379999999999,0.501448,0.356894,0.96831,0.617282,0.7184729999999999,0.619075,0.721572
0.811376,0.017382299999999996,0.27410300000000004,0.030776400000000002,0.289352,0.9319870000000001,0.8507309999999999,0.208587,0.820923,0.387436,0.9673799999999999,0.682399,0.323455,0.299265,0.427702,0.174183,0.8807010000000001,0.448392,0.326257,0.976407,0.575195,0.772117,0.569642,0.775291
0.818365,0.0164203,0.277723,0.034972300000000005,0.354223,0.9428610000000001,0.8900680000000001,0.260425,0.818249,0.407002,0.970332,0.699802,0.330214,0.314722,0.416342,0.161553,0.875893,0.45044700000000004,0.35342199999999996,0.976959,0.5684899999999999,0.76103,0.5721649999999999,0.757351
0.8211950000000001,0.0166428,0.25100900000000004,0.0269,0.269816,0.8726709999999999,0.694607,0.16885,0.82985,0.582679,0.938842,0.713052,0.327785,0.248833,0.325096,0.182529,0.819028,0.450165,0.366703,0.9708200000000001,0.524688,0.8258620000000001,0.5224409999999999,0.8281120000000001
0.80742,0.0175787,0.27064,0.0371041,0.413829,0.937464,0.8921620000000001,0.26767399999999997,0.8856459999999999,0.508608,0.9707370000000001,0.776712,0.303726,0.313795,0.45070600000000005,0.191742,0.867691,0.42317200000000005,0.310699,0.973295,0.6223609999999999,0.7017760000000001,0.62036,0.7014319999999999
0.8350350000000001,0.0197775,0.24867199999999998,0.033663599999999995,0.406584,0.916592,0.782324,0.23141199999999998,0.9101549999999999,0.662946,0.963535,0.805704,0.37755900000000003,0.20614000000000002,0.326768,0.128158,0.8799959999999999,0.508282,0.381606,0.968831,0.601763,0.7285699999999999,0.632332,0.714919
0.83742,0.018073699999999998,0.27125,0.0326525,0.33366999999999997,0.918802,0.8691030000000001,0.23417,0.8546860000000001,0.43489300000000003,0.952298,0.726792,0.387594,0.24124600000000002,0.312218,0.146453,0.874742,0.522285,0.380662,0.957037,0.600622,0.743209,0.600013,0.7472260000000001
0.851576,0.0185922,0.25731,0.0261496,0.22366,0.863122,0.720421,0.114271,0.810225,0.517038,0.936969,0.6764020000000001,0.42471499999999995,0.222181,0.271504,0.11022,0.8972469999999999,0.553856,0.43583500000000003,0.9629110000000001,0.557226,0.82258,0.558044,0.8232370000000001
0.8442040000000001,0.017811900000000002,0.269493,0.031807999999999996,0.300481,0.910958,0.8364799999999999,0.173422,0.8338770000000001,0.45979799999999993,0.946468,0.7150350000000001,0.398646,0.23725700000000002,0.306814,0.10361400000000001,0.8938649999999999,0.528144,0.406557,0.973741,0.557139,0.787175,0.550968,0.789253
0.822889,0.0179835,0.276574,0.0306389,0.281873,0.916378,0.8608040000000001,0.224332,0.8046939999999999,0.36525599999999997,0.9553510000000001,0.667782,0.341016,0.24218299999999998,0.375612,0.141337,0.8825790000000001,0.47621800000000003,0.338846,0.9696549999999999,0.542413,0.799024,0.5522229999999999,0.7918229999999999
0.8132199999999999,0.017685299999999998,0.27969,0.0259499,0.21269000000000002,0.9320290000000001,0.839411,0.21582300000000001,0.727973,0.333554,0.966325,0.582756,0.313539,0.25093499999999996,0.34881599999999996,0.19892100000000001,0.804407,0.44476899999999997,0.346138,0.959591,0.595497,0.78367,0.6168060000000001,0.780158
0.8325520000000001,0.018679400000000002,0.25087800000000005,0.0327999,0.386117,0.910078,0.761914,0.186462,0.90786,0.641529,0.959707,0.800531,0.38008000000000003,0.2421,0.33307,0.11163599999999999,0.896543,0.508644,0.366952,0.9797879999999999,0.6260939999999999,0.721404,0.632739,0.720601
0.8545229999999999,0.0193933,0.250157,0.0274718,0.277638,0.891625,0.690445,0.160505,0.8443370000000001,0.5784520000000001,0.945282,0.715341,0.43777299999999997,0.194156,0.24233000000000002,0.10435,0.9033479999999999,0.570749,0.44765200000000005,0.9675799999999999,0.5525909999999999,0.805565,0.575222,0.7972819999999999
0.847893,0.0192547,0.26103200000000004,0.028661000000000002,0.278411,0.921557,0.7999609999999999,0.124115,0.8120569999999999,0.521708,0.965153,0.689841,0.417847,0.234645,0.270477,0.125873,0.8886879999999999,0.5491199999999999,0.428345,0.978712,0.6032489999999999,0.7744949999999999,0.6093890000000001,0.7694409999999999
0.8124520000000001,0.017412999999999998,0.278523,0.0287748,0.24887600000000001,0.918119,0.8530049999999999,0.220892,0.7762600000000001,0.333048,0.9643790000000001,0.627845,0.334039,0.281411,0.39437300000000003,0.214092,0.8561110000000001,0.46091400000000005,0.335949,0.973009,0.570527,0.792646,0.565361,0.793928
0.815913,0.019378799999999998,0.27874299999999996,0.0333849,0.348659,0.925007,0.9018280000000001,0.27134400000000003,0.7992739999999999,0.38379,0.9667959999999999,0.6738850000000001,0.331728,0.29086,0.44431800000000005,0.186968,0.8816440000000001,0.449824,0.32607600000000003,0.964809,0.565286,0.753001,0.565369,0.752315
0.8347,0.0196245,0.254011,0.0351157,0.43199899999999997,0.932889,0.835398,0.22916599999999998,0.921175,0.648948,0.969641,0.821443,0.38903899999999997,0.207302,0.329901,0.122554,0.891898,0.5168689999999999,0.382348,0.960449,0.6234850000000001,0.700858,0.619644,0.703375
0.8226680000000001,0.0178495,0.279634,0.0383379,0.42329700000000003,0.943317,0.9092809999999999,0.35649400000000003,0.865115,0.403801,0.972189,0.743262,0.355315,0.258191,0.373924,0.165608,0.882091,0.485433,0.331818,0.9740030000000001,0.63808,0.6796479999999999,0.643519,0.677128
0.8250280000000001,0.0177074,0.257846,0.031116,0.326753,0.909532,0.790452,0.12707100000000002,0.86282,0.566868,0.960508,0.747817,0.35727800000000004,0.258029,0.348582,0.14936,0.882094,0.49282,0.35652,0.980095,0.566639,0.776552,0.5873229999999999,0.765524
0.8549329999999999,0.020615,0.257465,0.0315683,0.305425,0.8977959999999999,0.794582,0.179306,0.822011,0.5663130000000001,0.946984,0.710431,0.45194799999999996,0.18604,0.23248899999999997,0.11863800000000001,0.911642,0.5812149999999999,0.45247600000000004,0.968939,0.577412,0.771885,0.588701,0.766487
0.860281,0.0226993,0.14488399999999999,0.0315012,0.789953,0.354738,0.616301,0.866267,0.980275,0.939542,0.811321,0.9246200000000001,0.505718,0.164261,0.22941799999999998,0.226782,0.92561,0.636601,0.497697,0.965514,0.6134310000000001,0.729329,0.601627,0.734132
0.879358,0.0254574,0.139819,0.0336,0.817621,0.307711,0.646081,0.8929549999999999,0.986308,0.9533879999999999,0.80001,0.9369860000000001,0.577112,0.202707,0.14111300000000002,0.28631599999999996,0.9462219999999999,0.700541,0.571972,0.9901030000000001,0.677696,0.680673,0.677184,0.68014
0.868022,0.0228855,0.140743,0.0337213,0.814435,0.319439,0.696186,0.8833139999999999,0.993707,0.94619,0.811534,0.9449190000000001,0.520247,0.157224,0.170964,0.22384899999999996,0.9276540000000001,0.649269,0.5114609999999999,0.9795360000000001,0.630202,0.705774,0.6240399999999999,0.707857
0.8568459999999999,0.0223375,0.148898,0.0343525,0.780183,0.411608,0.614604,0.856497,0.975007,0.9271450000000001,0.8537299999999999,0.917824,0.48682200000000003,0.170948,0.250136,0.205833,0.926105,0.615978,0.479362,0.975999,0.623691,0.696928,0.6183310000000001,0.7021689999999999
0.875842,0.023174900000000002,0.13622599999999999,0.0322641,0.794454,0.230187,0.6827310000000001,0.868099,0.980554,0.933557,0.771473,0.9293540000000001,0.544714,0.190067,0.125479,0.261238,0.908593,0.673505,0.549412,0.960859,0.643045,0.709858,0.622804,0.723974
0.844023,0.0216831,0.129547,0.037199,0.8458120000000001,0.152526,0.77346,0.918315,0.976951,0.9502799999999999,0.772709,0.9416479999999999,0.43262799999999996,0.13877,0.291829,0.213325,0.885149,0.5625100000000001,0.417571,0.9701799999999999,0.646203,0.670592,0.651705,0.668972
0.8595430000000001,0.0225782,0.111947,0.0354301,0.862175,0.31616500000000003,0.795589,0.9218139999999999,0.9955229999999999,0.9619719999999999,0.637147,0.959526,0.48623500000000003,0.19168,0.234587,0.21148000000000003,0.910424,0.614442,0.462372,0.976461,0.697154,0.650543,0.663148,0.669517
0.8734299999999999,0.0252764,0.12573499999999999,0.039780199999999995,0.823002,0.145216,0.787353,0.8913030000000001,0.9606790000000001,0.9257200000000001,0.786895,0.9230870000000001,0.5606949999999999,0.198614,0.15883599999999998,0.293896,0.90802,0.687037,0.553354,0.9495600000000001,0.715672,0.627265,0.6902699999999999,0.639127
0.896951,0.0246422,0.15576199999999998,0.0290816,0.699176,0.38960300000000003,0.574331,0.7801899999999999,0.929409,0.8741709999999999,0.8364370000000001,0.8664860000000001,0.610693,0.319542,0.193807,0.33870100000000003,0.9340219999999999,0.72941,0.626448,0.9823379999999999,0.611305,0.759854,0.594766,0.764129
0.86735,0.021105000000000002,0.124294,0.032144099999999995,0.789691,0.194467,0.7439640000000001,0.860707,0.9645030000000001,0.912537,0.663647,0.9156299999999999,0.493717,0.14663800000000002,0.167875,0.198414,0.9042129999999999,0.6263449999999999,0.48702,0.963559,0.582643,0.754881,0.569272,0.760775
0.867401,0.021860400000000002,0.148886,0.026736700000000002,0.706601,0.35935700000000004,0.5700310000000001,0.794006,0.9404299999999999,0.879366,0.746792,0.870059,0.496375,0.165492,0.156952,0.19311199999999998,0.9110719999999999,0.6290640000000001,0.494119,0.974356,0.557615,0.805417,0.554481,0.807012
0.8885870000000001,0.025636799999999998,0.143604,0.034988,0.7572760000000001,0.310847,0.671513,0.8356610000000001,0.951635,0.9052870000000001,0.7901699999999999,0.897639,0.585504,0.31309899999999996,0.244339,0.343156,0.906178,0.702202,0.6055149999999999,0.95762,0.582803,0.7441,0.56919,0.749445
0.885631,0.0243425,0.146464,0.0332654,0.743883,0.31716500000000003,0.6395489999999999,0.8131229999999999,0.97556,0.9028729999999999,0.8391059999999999,0.909292,0.58843,0.250114,0.11389300000000001,0.29415399999999997,0.937657,0.713151,0.591619,0.9884620000000001,0.6885760000000001,0.675381,0.641877,0.698581
0.8685370000000001,0.022572599999999998,0.113988,0.038690800000000004,0.842332,0.286156,0.8122010000000001,0.903676,0.9691299999999999,0.933494,0.6786840000000001,0.9342600000000001,0.522624,0.20080399999999998,0.21008600000000002,0.24968800000000002,0.915544,0.6517470000000001,0.506599,0.956347,0.659672,0.6554260000000001,0.640131,0.671272
0.874501,0.021894,0.152827,0.030338499999999997,0.6999489999999999,0.34449,0.600263,0.7788,0.9373790000000001,0.870782,0.8451700000000001,0.8707790000000001,0.5297109999999999,0.190994,0.149273,0.23666900000000002,0.9200530000000001,0.65951,0.533285,0.984874,0.6317560000000001,0.732554,0.593374,0.751857
0.850275,0.0194012,0.121973,0.027036400000000002,0.778433,0.311013,0.715101,0.849744,0.966202,0.9178059999999999,0.585221,0.916175,0.42630500000000005,0.16416,0.252548,0.151821,0.892525,0.562545,0.413289,0.969369,0.611715,0.76799,0.5768800000000001,0.792362
0.862131,0.022715700000000002,0.140003,0.0300442,0.80325,0.29951300000000003,0.6316109999999999,0.88033,0.9763280000000001,0.9406760000000001,0.793854,0.922794,0.496854,0.130275,0.168872,0.222631,0.894855,0.629059,0.49913199999999996,0.9572370000000001,0.670287,0.693619,0.617869,0.721159
0.866122,0.0207373,0.129415,0.029008999999999997,0.7295699999999999,0.295263,0.704321,0.802269,0.9333440000000001,0.873085,0.6309859999999999,0.8775120000000001,0.484175,0.19680999999999998,0.188753,0.2154,0.878511,0.6180859999999999,0.486426,0.9523799999999999,0.61343,0.776137,0.619237,0.77362
0.864359,0.023512,0.147652,0.0406537,0.834619,0.48246000000000006,0.683763,0.904516,0.996597,0.9589270000000001,0.8869549999999999,0.949959,0.510991,0.183956,0.186882,0.24041500000000002,0.9091530000000001,0.641894,0.5015850000000001,0.9726319999999999,0.717006,0.6074609999999999,0.701883,0.6177199999999999
0.83214,0.020228200000000002,0.144018,0.0305449,0.767755,0.35870599999999997,0.615509,0.847132,0.9682299999999999,0.9256549999999999,0.761502,0.911668,0.378017,0.171297,0.301139,0.19601,0.8428200000000001,0.515402,0.383897,0.943492,0.656295,0.718287,0.635905,0.730571
0.8704129999999999,0.0245989,0.153807,0.0315384,0.776037,0.45537299999999997,0.5414979999999999,0.8514719999999999,0.9759209999999999,0.935684,0.863941,0.914948,0.53468,0.194396,0.123652,0.25145300000000004,0.9107059999999999,0.66477,0.5357649999999999,0.9726950000000001,0.726413,0.659377,0.709819,0.667507
0.8603129999999999,0.020999599999999997,0.126503,0.0334023,0.8408909999999999,0.174968,0.760001,0.9127040000000001,0.9803790000000001,0.950903,0.7366090000000001,0.9427209999999999,0.478509,0.15631099999999998,0.20436700000000002,0.214464,0.8770110000000001,0.613237,0.486883,0.944154,0.666848,0.6836720000000001,0.654867,0.688542
0.850018,0.0202289,0.117327,0.031595599999999995,0.806458,0.257745,0.7782819999999999,0.8759629999999999,0.957649,0.916731,0.600749,0.916443,0.43718100000000004,0.166802,0.282406,0.181834,0.907473,0.5678880000000001,0.415509,0.981052,0.6258600000000001,0.728406,0.617338,0.7318819999999999
0.866242,0.021522799999999998,0.122026,0.0357245,0.8326979999999999,0.187603,0.770494,0.902509,0.966571,0.938925,0.718724,0.931276,0.51021,0.166184,0.184829,0.243912,0.884149,0.642387,0.510284,0.936061,0.696823,0.658961,0.670702,0.671533
0.722809,0.017005799999999998,0.304311,0.0352413,0.407882,0.935824,0.934591,0.5232479999999999,0.6460779999999999,0.0957203,0.966082,0.498561,0.250254,0.596244,0.730979,0.5261399999999999,0.6853640000000001,0.187853,0.332023,0.9352440000000001,0.613949,0.74566,0.605487,0.7488229999999999
0.710601,0.0167274,0.30983299999999997,0.0305411,0.37354899999999996,0.935031,0.941699,0.5020789999999999,0.567817,0.0964157,0.963578,0.401512,0.22361999999999999,0.620686,0.7577689999999999,0.5497310000000001,0.6149020000000001,0.11845499999999999,0.378873,0.9194680000000001,0.5692619999999999,0.790049,0.5801390000000001,0.783071
0.718288,0.018489099999999998,0.305374,0.0347608,0.42373299999999997,0.9283040000000001,0.943291,0.546905,0.6399060000000001,0.130437,0.9547760000000001,0.479889,0.318338,0.650888,0.785361,0.583496,0.697689,0.266171,0.37754,0.9258379999999999,0.6263340000000001,0.728454,0.635184,0.719705
0.6887449999999999,0.0166295,0.315828,0.028954900000000002,0.382995,0.9328040000000001,0.935633,0.5238649999999999,0.5250090000000001,0.11449200000000001,0.969133,0.385395,0.294336,0.6822010000000001,0.7907850000000001,0.614062,0.5676979999999999,0.250055,0.431227,0.921692,0.522636,0.835831,0.544035,0.829377
0.712621,0.0160299,0.307118,0.0339651,0.372973,0.931392,0.930426,0.503498,0.613119,0.0,0.964843,0.455686,0.19733599999999998,0.5810029999999999,0.7136979999999999,0.519494,0.616445,0.0,0.352236,0.937449,0.579547,0.787724,0.580815,0.789365
0.690603,0.0196958,0.263376,0.0262187,0.230015,0.9225180000000001,0.753265,0.09446439999999999,0.78868,0.492105,0.963952,0.6628970000000001,0.38238099999999997,0.711821,0.815325,0.65883,0.6277,0.322759,0.45263000000000003,0.9006049999999999,0.592349,0.808243,0.57789,0.813167
0.619999,0.015867600000000003,0.312013,0.029844799999999998,0.351265,0.926876,0.894482,0.507815,0.516677,0.218768,0.967584,0.30371,0.476396,0.7839619999999999,0.8615149999999999,0.760355,0.391941,0.455319,0.5904050000000001,0.811016,0.644328,0.759861,0.621687,0.773525
0.658514,0.0165543,0.270019,0.0288004,0.24697600000000003,0.915882,0.8152,0.117583,0.788463,0.440604,0.9618620000000001,0.6496390000000001,0.408967,0.769403,0.859159,0.7243539999999999,0.4726,0.341862,0.532305,0.878509,0.640706,0.755741,0.606716,0.773992
0.636994,0.014996700000000002,0.283256,0.025804300000000002,0.180591,0.8968010000000001,0.811525,0.239639,0.710066,0.29593200000000003,0.948258,0.554873,0.424617,0.758995,0.844598,0.720362,0.436007,0.391919,0.540565,0.822779,0.636179,0.798883,0.600348,0.818156
0.695213,0.016428799999999997,0.28581599999999996,0.037814999999999994,0.39213600000000004,0.9128700000000001,0.8934780000000001,0.410213,0.8220700000000001,0.290035,0.948074,0.6717920000000001,0.268214,0.642671,0.756845,0.58992,0.5904050000000001,0.174582,0.399946,0.9350809999999999,0.652998,0.699495,0.6456810000000001,0.703329
0.629602,0.0142879,0.31480199999999997,0.0307378,0.42672299999999996,0.933135,0.943915,0.569941,0.5190229999999999,0.183844,0.9676450000000001,0.337633,0.41050299999999995,0.758283,0.846398,0.725578,0.37359000000000003,0.359494,0.555715,0.810042,0.5512859999999999,0.7979390000000001,0.520155,0.812471
0.6516529999999999,0.018450099999999997,0.355244,0.030897000000000004,0.620455,0.945517,0.9508620000000001,0.74753,0.167142,0.579279,0.975281,0.271394,0.434263,0.7674,0.8474379999999999,0.739477,0.45024,0.358937,0.553298,0.8802209999999999,0.68314,0.711615,0.685106,0.711796
0.680295,0.0211535,0.28371799999999997,0.0333603,0.352173,0.9213610000000001,0.9067870000000001,0.34242,0.80233,0.300007,0.9542209999999999,0.65828,0.445438,0.763081,0.856814,0.718224,0.610779,0.38154,0.513095,0.893983,0.683584,0.7117720000000001,0.645828,0.730904
0.6553979999999999,0.019128400000000004,0.28981799999999996,0.029544900000000002,0.276831,0.9287139999999999,0.8945069999999999,0.32443,0.7084739999999999,0.22047600000000003,0.9598899999999999,0.554157,0.434198,0.766027,0.8534069999999999,0.737794,0.48287299999999994,0.336266,0.541555,0.876818,0.62975,0.757149,0.602999,0.768967
0.692832,0.0193582,0.280413,0.0248899,0.184158,0.907278,0.8314799999999999,0.17144,0.702559,0.37708,0.952175,0.5731930000000001,0.356588,0.700372,0.80223,0.6409560000000001,0.617947,0.31158800000000003,0.44383599999999995,0.9065540000000001,0.5156970000000001,0.874178,0.5085770000000001,0.871469
0.653265,0.015146200000000002,0.325336,0.0333967,0.497129,0.934154,0.95673,0.659886,0.42948100000000006,0.283914,0.9687520000000001,0.279503,0.36407399999999995,0.724336,0.818287,0.6785399999999999,0.45631400000000005,0.342184,0.503363,0.874376,0.531095,0.7857890000000001,0.48421899999999996,0.803196
0.701153,0.0165782,0.30196100000000003,0.031237400000000002,0.333018,0.9187649999999999,0.918457,0.423425,0.632631,0.160459,0.95306,0.500441,0.26576700000000003,0.645454,0.764876,0.583943,0.6085649999999999,0.155745,0.388969,0.931968,0.513948,0.83224,0.48332600000000003,0.8399709999999999
0.68338,0.0178013,0.318152,0.0280392,0.38828,0.9434889999999999,0.944725,0.530623,0.48234,0.16306700000000002,0.9712280000000001,0.339206,0.344031,0.708858,0.814497,0.657203,0.568267,0.218309,0.45610600000000007,0.9285120000000001,0.587334,0.795412,0.521632,0.8150689999999999
0.71033,0.0188672,0.311046,0.0308661,0.411476,0.9440780000000001,0.9488200000000001,0.535855,0.5627909999999999,0.12174600000000001,0.971865,0.420421,0.31064200000000003,0.652003,0.7719060000000001,0.583442,0.6731560000000001,0.275675,0.38706799999999997,0.9164700000000001,0.55853,0.792407,0.512877,0.812399
0.697152,0.022093599999999998,0.29318299999999997,0.033583999999999996,0.422795,0.942118,0.950509,0.455085,0.734259,0.251606,0.971342,0.5899260000000001,0.430119,0.7533350000000001,0.853024,0.693296,0.663991,0.37807399999999997,0.484579,0.921633,0.652792,0.6898270000000001,0.6274569999999999,0.697196
0.6900189999999999,0.0173821,0.309855,0.031486099999999996,0.359901,0.9441649999999999,0.932991,0.494307,0.576304,0.09706139999999999,0.970938,0.42606400000000005,0.303823,0.6658890000000001,0.775781,0.613114,0.57798,0.206684,0.42506000000000005,0.926478,0.578742,0.793589,0.5226970000000001,0.821831
0.676945,0.0176643,0.25661999999999996,0.033467500000000004,0.359888,0.898833,0.8242959999999999,0.192606,0.8720100000000001,0.585717,0.9458770000000001,0.759101,0.37012,0.732596,0.835276,0.683725,0.552501,0.272388,0.479468,0.896022,0.712379,0.67799,0.6709109999999999,0.6983779999999999
0.68309,0.0202813,0.22494499999999998,0.026942200000000003,0.388801,0.800768,0.5468029999999999,0.36500900000000003,0.9178719999999999,0.70601,0.9103020000000001,0.794147,0.41001400000000005,0.7421760000000001,0.83615,0.6930850000000001,0.595695,0.354064,0.49126899999999996,0.903192,0.567362,0.803655,0.551365,0.810824
0.617764,0.0179291,0.310907,0.028441,0.35668099999999997,0.92004,0.9071379999999999,0.49536199999999997,0.539944,0.150501,0.963097,0.365456,0.49949399999999994,0.801705,0.870942,0.791661,0.327044,0.432598,0.6233529999999999,0.8135020000000001,0.636284,0.771814,0.603258,0.777591
0.870966,0.0210087,0.208601,0.025988400000000002,0.46240200000000004,0.766422,0.401444,0.5000060000000001,0.9061899999999999,0.760821,0.910472,0.795234,0.5067229999999999,0.210655,0.194985,0.19663599999999998,0.9251739999999999,0.635093,0.514177,0.982875,0.576367,0.8125829999999999,0.571657,0.8147840000000001
0.859878,0.019150900000000002,0.21013400000000002,0.0230565,0.431572,0.7126140000000001,0.435277,0.453653,0.893553,0.744278,0.8764770000000001,0.784594,0.443492,0.195856,0.21901199999999998,0.14094600000000002,0.8934719999999999,0.5765020000000001,0.462905,0.967585,0.496281,0.888911,0.5064649999999999,0.883401
0.836253,0.017880200000000002,0.212552,0.0249676,0.450561,0.736143,0.498407,0.45418400000000003,0.91995,0.761584,0.905859,0.808021,0.3686,0.19491,0.316596,0.10728,0.888584,0.505308,0.37291199999999997,0.9698540000000001,0.539313,0.828634,0.539925,0.828614
0.88225,0.022703900000000003,0.217015,0.0251294,0.42030500000000004,0.781471,0.46405799999999997,0.437143,0.892518,0.736924,0.9320809999999999,0.781381,0.5523819999999999,0.24786799999999998,0.133408,0.24399,0.927847,0.679959,0.568894,0.983925,0.524342,0.836786,0.527977,0.8368979999999999
0.862891,0.020486599999999997,0.21291,0.0264445,0.43957299999999994,0.776176,0.41755699999999996,0.467791,0.89387,0.749169,0.9095989999999999,0.782392,0.46720900000000004,0.193668,0.199428,0.16129300000000002,0.897214,0.601681,0.488353,0.9666309999999999,0.530226,0.836829,0.524413,0.8415520000000001
0.8503790000000001,0.0180577,0.217075,0.0243985,0.401871,0.754594,0.464811,0.414775,0.897194,0.721795,0.905904,0.781875,0.408238,0.19456600000000002,0.269124,0.111946,0.8929870000000001,0.5448270000000001,0.420034,0.9760120000000001,0.48122,0.879007,0.491766,0.871778
0.8449479999999999,0.018510299999999997,0.221973,0.0254748,0.387459,0.8246969999999999,0.461949,0.388502,0.8857430000000001,0.707899,0.9258139999999999,0.762817,0.395462,0.194973,0.27372399999999997,0.0851827,0.8841,0.531334,0.412283,0.9596290000000001,0.508837,0.8517629999999999,0.511696,0.851087
0.8593139999999999,0.0188645,0.22603,0.0238618,0.344648,0.784511,0.497745,0.365277,0.8540629999999999,0.677459,0.8952680000000001,0.734533,0.444884,0.195499,0.22712800000000002,0.14488299999999998,0.896725,0.581286,0.453772,0.962032,0.472893,0.894491,0.47053900000000004,0.8931209999999999
0.86871,0.0219799,0.22229000000000002,0.027409100000000002,0.383411,0.80333,0.481796,0.38937,0.890539,0.701553,0.893733,0.770426,0.48873199999999994,0.225813,0.164186,0.191887,0.903235,0.618032,0.50742,0.984183,0.44681899999999997,0.882868,0.455637,0.8764
0.8681459999999999,0.020056599999999997,0.21368499999999999,0.0260275,0.43331499999999995,0.759948,0.456233,0.44704499999999997,0.907667,0.752254,0.8787219999999999,0.792995,0.48492399999999997,0.204144,0.20319500000000001,0.16178800000000002,0.914861,0.614455,0.49910299999999996,0.9714809999999999,0.48831899999999995,0.850864,0.47140600000000005,0.856835
0.860302,0.0193445,0.21300999999999998,0.0267672,0.456613,0.761289,0.457204,0.46989200000000003,0.9127209999999999,0.772093,0.9063110000000001,0.803374,0.459408,0.198656,0.24289899999999998,0.16883599999999999,0.904567,0.5928869999999999,0.478417,0.964986,0.529434,0.825844,0.532011,0.827469
0.870266,0.021725900000000003,0.197826,0.0271784,0.542503,0.682813,0.399394,0.578232,0.9388799999999999,0.832355,0.883239,0.843292,0.5175890000000001,0.193965,0.175006,0.200503,0.931156,0.6457510000000001,0.520742,0.9745030000000001,0.59155,0.7906810000000001,0.582805,0.792797
0.8704930000000001,0.020744,0.21289,0.0278145,0.453996,0.785334,0.397273,0.482998,0.8996200000000001,0.758947,0.922916,0.78391,0.491634,0.217054,0.183953,0.178257,0.9206489999999999,0.621795,0.502972,0.9885120000000001,0.543361,0.810018,0.550996,0.805581
0.848002,0.018059400000000003,0.208535,0.0255961,0.46679799999999994,0.76084,0.400656,0.5019239999999999,0.89851,0.770814,0.906667,0.7889149999999999,0.40347,0.200327,0.262585,0.0907283,0.89384,0.536737,0.417441,0.976259,0.493975,0.858087,0.490357,0.855453
0.872624,0.0210413,0.200355,0.0259237,0.5075189999999999,0.723529,0.35831199999999996,0.551164,0.9347209999999999,0.791552,0.8984280000000001,0.819742,0.5050140000000001,0.20862199999999997,0.164129,0.19078599999999998,0.915816,0.636418,0.518177,0.9780110000000001,0.596662,0.784623,0.5931390000000001,0.787576
0.875308,0.0213483,0.183203,0.027413,0.594621,0.634305,0.308365,0.66874,0.9167629999999999,0.837758,0.8626209999999999,0.822283,0.525251,0.20877600000000002,0.157051,0.214482,0.9305690000000001,0.653866,0.5261140000000001,0.980175,0.513108,0.8197549999999999,0.529141,0.814156
0.8652110000000001,0.0210593,0.188327,0.029047800000000002,0.587615,0.67013,0.28333800000000003,0.642742,0.9480780000000001,0.847166,0.867223,0.8493879999999999,0.488378,0.174422,0.187933,0.18474300000000002,0.915935,0.620899,0.49290500000000004,0.9820190000000001,0.526501,0.810174,0.5161859999999999,0.812519
0.8738670000000001,0.020842199999999998,0.209775,0.028405700000000002,0.477425,0.808082,0.361676,0.5001720000000001,0.9265479999999999,0.7709229999999999,0.909795,0.8100930000000001,0.511884,0.203742,0.17366099999999998,0.199946,0.9235270000000001,0.642258,0.522378,0.973332,0.555485,0.799454,0.5530149999999999,0.800035
0.836674,0.019470400000000002,0.20664699999999997,0.026582799999999997,0.487245,0.735506,0.43181499999999995,0.51448,0.9174450000000001,0.78987,0.920844,0.8104979999999999,0.37832,0.201548,0.32263800000000004,0.11456500000000001,0.8938729999999999,0.511235,0.37778,0.978031,0.559686,0.8112550000000001,0.565941,0.811304
0.851656,0.0188751,0.21890900000000002,0.025165,0.402923,0.779859,0.472154,0.416675,0.8880879999999999,0.726485,0.907849,0.774716,0.42261400000000005,0.18473599999999998,0.240994,0.104485,0.893059,0.560026,0.435485,0.961276,0.501275,0.8588549999999999,0.5068159999999999,0.8540459999999999
0.8788940000000001,0.022813299999999998,0.20949299999999998,0.0281135,0.469145,0.798639,0.351654,0.502174,0.9092040000000001,0.759249,0.9341139999999999,0.792974,0.551175,0.231458,0.130638,0.251727,0.929085,0.6786840000000001,0.560686,0.987399,0.5321239999999999,0.806012,0.5353060000000001,0.804948
0.874459,0.0207001,0.225854,0.0250888,0.353205,0.8208639999999999,0.481495,0.348367,0.887403,0.673275,0.904078,0.756875,0.502041,0.230616,0.176874,0.212367,0.8961469999999999,0.632713,0.5222060000000001,0.970648,0.5057689999999999,0.832383,0.520713,0.8266620000000001
0.8545299999999999,0.0200602,0.207333,0.027624700000000002,0.518196,0.806792,0.383137,0.515667,0.9609629999999999,0.815358,0.9183690000000001,0.849814,0.439279,0.196177,0.218096,0.125257,0.904903,0.5726829999999999,0.45077399999999995,0.981094,0.587068,0.7710319999999999,0.60147,0.763262
0.880366,0.023011900000000002,0.20686,0.0251729,0.45631400000000005,0.726341,0.35676599999999997,0.5034810000000001,0.8923540000000001,0.750486,0.9035989999999999,0.780257,0.543597,0.249173,0.11431400000000001,0.249176,0.91304,0.671513,0.562818,0.975461,0.541784,0.8364540000000001,0.540899,0.837725
0.8258209999999999,0.020837099999999997,0.108599,0.0419957,0.8715959999999999,0.35965,0.858814,0.9296059999999999,0.965909,0.9444170000000001,0.65705,0.9412389999999999,0.37901599999999996,0.26358899999999996,0.407389,0.22675,0.8670370000000001,0.501116,0.336491,0.9421200000000001,0.658924,0.65037,0.664213,0.649725
0.723171,0.017063299999999997,0.0575586,0.0385923,0.9145549999999999,0.779302,0.9192540000000001,0.956467,0.9795020000000001,0.965834,0.279756,0.9644729999999999,0.358689,0.482809,0.613445,0.481188,0.703397,0.428167,0.278702,0.875081,0.682365,0.629275,0.651266,0.64579
0.822892,0.01704,0.109872,0.0290469,0.798983,0.35482199999999997,0.7707930000000001,0.866343,0.9568139999999999,0.913744,0.483455,0.9147370000000001,0.334527,0.20972399999999997,0.329045,0.180446,0.815181,0.47096499999999997,0.31249699999999997,0.942989,0.622323,0.760863,0.586878,0.7821819999999999
0.820831,0.0162828,0.115346,0.0229996,0.757881,0.38138099999999997,0.728191,0.83721,0.941783,0.89164,0.493683,0.8921190000000001,0.33902899999999997,0.213015,0.326283,0.19000999999999998,0.808269,0.47935200000000006,0.327815,0.9307629999999999,0.497277,0.8813040000000001,0.45744300000000004,0.897812
0.767352,0.0162134,0.0702746,0.0372036,0.879876,0.703929,0.8846129999999999,0.92809,0.9670569999999999,0.9460059999999999,0.136495,0.9451219999999999,0.306648,0.396242,0.5134810000000001,0.381367,0.741111,0.398307,0.21297600000000003,0.924774,0.673728,0.669443,0.63944,0.687761
0.841816,0.0207219,0.103406,0.035381800000000005,0.84439,0.42794399999999994,0.813526,0.9047370000000001,0.969583,0.9378,0.489491,0.935193,0.420158,0.203737,0.279711,0.208029,0.854066,0.555512,0.401581,0.937249,0.6626810000000001,0.688578,0.6477930000000001,0.6937979999999999
0.8583940000000001,0.021372,0.108919,0.0327274,0.82621,0.40956,0.781349,0.889215,0.970074,0.935326,0.543524,0.931478,0.47211899999999996,0.204787,0.214193,0.208181,0.8836780000000001,0.604064,0.458175,0.949852,0.670704,0.6956899999999999,0.663963,0.701335
0.8246190000000001,0.021072,0.0781654,0.0456888,0.913681,0.735579,0.9088350000000001,0.954946,0.983474,0.9668690000000001,0.297446,0.9639690000000001,0.402957,0.340277,0.41423000000000004,0.297247,0.8628520000000001,0.509025,0.337527,0.957457,0.6921609999999999,0.584443,0.6831699999999999,0.591328
0.841349,0.021919099999999997,0.10573199999999999,0.034632199999999995,0.893782,0.339062,0.863152,0.951325,0.9913059999999999,0.9696299999999999,0.580413,0.9666049999999999,0.43346,0.191832,0.307373,0.217538,0.887357,0.562992,0.402271,0.956126,0.716774,0.6417109999999999,0.702304,0.6513720000000001
0.844723,0.0215534,0.101996,0.036904,0.880434,0.415759,0.8528290000000001,0.9389270000000001,0.9794889999999999,0.958145,0.538786,0.953823,0.439725,0.21539699999999998,0.30175100000000005,0.199781,0.897026,0.566124,0.404052,0.9458280000000001,0.663956,0.6682600000000001,0.639338,0.681722
0.8309040000000001,0.0202188,0.112122,0.031809699999999996,0.830933,0.325422,0.813844,0.901842,0.9554459999999999,0.9237989999999999,0.58777,0.9219879999999999,0.38011100000000003,0.204243,0.347261,0.186719,0.877151,0.507757,0.344267,0.945427,0.662168,0.708983,0.6295649999999999,0.724526
0.843568,0.0214841,0.1055,0.036252,0.829248,0.424903,0.8229190000000001,0.8912260000000001,0.956817,0.918165,0.5334260000000001,0.9208219999999999,0.42649,0.22951,0.302923,0.19306199999999998,0.891523,0.553795,0.393825,0.959224,0.639354,0.696646,0.616322,0.710462
0.814262,0.0174058,0.0821336,0.0368931,0.872491,0.649802,0.872258,0.925182,0.965616,0.9429709999999999,0.225029,0.940674,0.3361,0.29062899999999997,0.398015,0.24374,0.830791,0.45581800000000006,0.26875,0.953451,0.644912,0.68152,0.611827,0.698952
0.852356,0.0256084,0.0889345,0.046657599999999994,0.9239120000000001,0.648736,0.913947,0.965758,0.992296,0.975299,0.45269499999999996,0.9742540000000001,0.48831800000000003,0.313614,0.33438,0.29838899999999996,0.895389,0.601604,0.457992,0.968822,0.726683,0.5734640000000001,0.70029,0.586967
0.8397700000000001,0.0197652,0.09882460000000001,0.0310772,0.871658,0.397025,0.8520129999999999,0.934369,0.9724149999999999,0.951276,0.435866,0.946283,0.40631799999999996,0.179422,0.28752300000000003,0.183424,0.8745729999999999,0.538755,0.373064,0.954716,0.62954,0.717526,0.608711,0.727426
0.831594,0.0252974,0.0918446,0.0471034,0.9185540000000001,0.612278,0.8915549999999999,0.9628549999999999,0.996246,0.9763370000000001,0.502818,0.9753780000000001,0.43327299999999996,0.345503,0.409872,0.31035100000000004,0.873026,0.539027,0.403198,0.952901,0.699701,0.590674,0.685088,0.5976060000000001
0.769537,0.019775900000000003,0.0696537,0.0396481,0.9151290000000001,0.744203,0.91869,0.9575799999999999,0.978928,0.964843,0.0,0.963239,0.281044,0.43845500000000004,0.595643,0.401148,0.779013,0.352236,0.0,0.935314,0.694337,0.621903,0.6826939999999999,0.631684
0.8544280000000001,0.0240383,0.09953510000000002,0.046819599999999996,0.916643,0.520834,0.9014,0.961034,0.993042,0.972118,0.615002,0.972857,0.489637,0.258419,0.295494,0.258205,0.9007069999999999,0.612197,0.46046099999999995,0.947383,0.716421,0.5717399999999999,0.709071,0.57819
0.812976,0.023480200000000003,0.0955818,0.0472832,0.9153370000000001,0.574562,0.899049,0.960456,0.989295,0.970665,0.537676,0.9685229999999999,0.37761500000000003,0.354829,0.48473299999999997,0.29682800000000004,0.8715450000000001,0.47653500000000004,0.334426,0.946492,0.686553,0.604646,0.662384,0.617391
0.857252,0.0237596,0.100074,0.044342400000000004,0.9137799999999999,0.48463599999999996,0.893159,0.9625319999999999,0.9933270000000001,0.9736950000000001,0.604258,0.971881,0.494921,0.242896,0.28823200000000004,0.247954,0.9211450000000001,0.615685,0.46060500000000004,0.975345,0.68147,0.611564,0.663265,0.6225890000000001
0.7939609999999999,0.020891099999999996,0.0814453,0.0435959,0.9188360000000001,0.702759,0.902033,0.961643,0.9906969999999999,0.9741290000000001,0.308031,0.9712059999999999,0.329277,0.407485,0.52284,0.336107,0.8277950000000001,0.41383400000000004,0.28925300000000004,0.959043,0.675094,0.617722,0.671914,0.6195390000000001
0.850223,0.0233382,0.101368,0.043127099999999995,0.868712,0.479241,0.8473120000000001,0.9225700000000001,0.973858,0.947606,0.5739920000000001,0.945226,0.467141,0.223568,0.273979,0.23728600000000002,0.884867,0.594856,0.45896800000000004,0.938575,0.666894,0.649197,0.6530739999999999,0.656589
0.813597,0.023115599999999997,0.0910875,0.041699,0.934306,0.578525,0.9207350000000001,0.9791049999999999,0.996134,0.9836459999999999,0.45456199999999997,0.9815510000000001,0.364732,0.331045,0.44250900000000004,0.293222,0.841785,0.475429,0.319676,0.956182,0.711126,0.6024579999999999,0.71159,0.606534
0.7319220000000001,0.0184528,0.0628633,0.0394935,0.897933,0.7521770000000001,0.895465,0.940674,0.978259,0.959535,0.209718,0.958895,0.30316,0.500985,0.6320600000000001,0.483256,0.675384,0.357756,0.24714,0.901971,0.632509,0.6641060000000001,0.614229,0.673929
0.548674,0.010436200000000001,0.349416,0.023782499999999998,0.46033599999999997,0.891725,0.885397,0.579091,0.370111,0.486137,0.9535799999999999,0.413494,0.501235,0.679926,0.763774,0.682137,0.48556499999999997,0.536154,0.5922390000000001,0.54967,0.389096,1.0066700000000002,0.323034,1.05132
0.45614499999999997,0.0160391,0.383238,0.032096,0.671642,0.955619,0.9842620000000001,0.775518,0.37642800000000004,0.63016,0.978035,0.535081,0.692348,0.8310850000000001,0.894207,0.84457,0.575918,0.6932470000000001,0.748314,0.378825,0.5378539999999999,0.8306180000000001,0.48194499999999996,0.863978
0.5680029999999999,0.0181999,0.357806,0.0305626,0.674581,0.956593,0.9901620000000001,0.805773,0.0258428,0.60987,0.9790059999999999,0.278731,0.642939,0.8857379999999999,0.928261,0.891401,0.06572180000000001,0.615119,0.778767,0.781458,0.539554,0.7911130000000001,0.5710029999999999,0.776768
0.5676,0.0188334,0.357648,0.030685900000000002,0.673431,0.9564309999999999,0.989786,0.803318,0.0,0.613119,0.978928,0.276866,0.64276,0.884583,0.9258120000000001,0.888914,1.05367e-08,0.616445,0.779013,0.791851,0.538812,0.788998,0.568859,0.775327
0.590406,0.0149537,0.362964,0.0270983,0.606943,0.9355479999999999,0.957518,0.739647,0.18048599999999998,0.553416,0.972814,0.314392,0.49513599999999997,0.784359,0.8539620000000001,0.7663310000000001,0.297729,0.48106499999999996,0.6262220000000001,0.7822100000000001,0.47438100000000005,0.8783860000000001,0.423412,0.906126
0.529086,0.0120111,0.375386,0.0294666,0.603286,0.950169,0.9636239999999999,0.695803,0.398656,0.5802350000000001,0.9749690000000001,0.519786,0.537255,0.70506,0.784501,0.717967,0.485868,0.556027,0.624979,0.526346,0.434569,0.946315,0.374849,0.981949
0.528691,0.012191,0.37669400000000003,0.030607099999999998,0.616409,0.951548,0.970899,0.708942,0.402767,0.58586,0.9757030000000001,0.527749,0.536948,0.714807,0.797773,0.7233510000000001,0.50344,0.547553,0.6154149999999999,0.52357,0.43868100000000004,0.944642,0.386493,0.9773459999999999
0.569335,0.0107779,0.363636,0.0245724,0.523806,0.908136,0.935002,0.643528,0.37254499999999996,0.496413,0.959676,0.445442,0.467454,0.693002,0.78722,0.6861229999999999,0.488336,0.47422600000000004,0.557184,0.6064689999999999,0.42021099999999995,0.970302,0.370035,0.99461
0.587272,0.0128477,0.363367,0.025645400000000002,0.5370510000000001,0.9164680000000001,0.9223319999999999,0.666222,0.31112199999999995,0.513284,0.9634440000000001,0.403334,0.446133,0.6995939999999999,0.78193,0.683321,0.397227,0.457488,0.569956,0.739525,0.39934400000000003,0.9553659999999999,0.334095,0.988941
0.522931,0.0143625,0.375082,0.0301142,0.635009,0.9505709999999999,0.957018,0.746145,0.316832,0.604481,0.9758950000000001,0.473495,0.5940350000000001,0.79584,0.862038,0.798067,0.41054300000000005,0.5961310000000001,0.686758,0.588457,0.355747,0.9978459999999999,0.304582,1.03014
0.46860100000000005,0.0147161,0.391648,0.0319601,0.711536,0.954793,0.9615870000000001,0.801321,0.421073,0.7100380000000001,0.978525,0.589638,0.7113470000000001,0.8501920000000001,0.901666,0.870833,0.44043000000000004,0.723941,0.7972020000000001,0.45416599999999996,0.476941,0.915472,0.40316399999999997,0.954224
0.5709890000000001,0.0113262,0.357951,0.0238,0.511767,0.9218649999999999,0.926376,0.6480520000000001,0.330056,0.457201,0.9681270000000001,0.390461,0.472473,0.71563,0.8039229999999999,0.7041850000000001,0.45822700000000005,0.46738999999999997,0.576483,0.63452,0.391989,0.9807799999999999,0.325332,1.02065
0.537445,0.012912999999999999,0.380529,0.0293267,0.67747,0.9540379999999999,0.9718629999999999,0.782261,0.302821,0.657127,0.977615,0.49190900000000004,0.566681,0.7830560000000001,0.851598,0.785253,0.372709,0.566072,0.672343,0.610689,0.41880100000000003,0.9404610000000001,0.36041100000000004,0.971515
0.548415,0.0132601,0.365142,0.0259418,0.556032,0.9367690000000001,0.9442510000000001,0.670826,0.31903400000000004,0.520884,0.971857,0.42556400000000005,0.533231,0.7651720000000001,0.840017,0.7596729999999999,0.39470900000000003,0.536825,0.6413479999999999,0.633372,0.373253,1.00403,0.31011700000000003,1.04095
0.615618,0.0156788,0.35153,0.030289,0.578362,0.9326549999999999,0.948254,0.71134,0.227679,0.512636,0.972261,0.255178,0.45193999999999995,0.7770819999999999,0.850513,0.752273,0.307726,0.43838599999999994,0.597879,0.84135,0.557615,0.789813,0.509347,0.818176
0.575856,0.0117719,0.3661,0.0278529,0.603466,0.951472,0.9813350000000001,0.706793,0.319808,0.535619,0.975526,0.44563,0.45724899999999996,0.705853,0.792817,0.695873,0.39916799999999997,0.47020100000000004,0.573773,0.680926,0.503933,0.8712690000000001,0.43282299999999996,0.9116770000000001
0.528632,0.0160619,0.353537,0.029939499999999997,0.5634100000000001,0.949258,0.971232,0.662968,0.315177,0.503634,0.97436,0.370815,0.590934,0.7993640000000001,0.869766,0.797401,0.378274,0.6059899999999999,0.695503,0.62726,0.579246,0.806574,0.488202,0.849042
0.5650470000000001,0.0101935,0.342378,0.0235843,0.411869,0.8718670000000001,0.856583,0.5434479999999999,0.44435,0.45580699999999996,0.934953,0.45075299999999996,0.4647,0.648098,0.741002,0.651039,0.508338,0.49493100000000007,0.560987,0.568716,0.365284,0.988626,0.31285999999999997,1.02031
0.520368,0.0113382,0.340613,0.0217285,0.407045,0.9054610000000001,0.8890120000000001,0.533817,0.36901,0.416362,0.9563139999999999,0.362304,0.563643,0.762049,0.8387700000000001,0.7675270000000001,0.45898199999999995,0.5617770000000001,0.6547609999999999,0.5146729999999999,0.378263,0.99595,0.321522,1.03188
0.49289700000000003,0.012317299999999998,0.383799,0.02791,0.647833,0.950548,0.976988,0.755106,0.366345,0.6086689999999999,0.976672,0.505079,0.582754,0.7484069999999999,0.8391639999999999,0.750062,0.577701,0.59651,0.6483369999999999,0.488038,0.43452799999999997,0.9613659999999999,0.374869,0.989002
0.501698,0.0109472,0.371219,0.0259557,0.587202,0.9461069999999999,0.952829,0.707515,0.311816,0.5459729999999999,0.974101,0.436241,0.601482,0.783276,0.855727,0.7915810000000001,0.473106,0.60532,0.680362,0.473788,0.420806,0.960799,0.367689,1.00073
0.548674,0.010436200000000001,0.349416,0.023782499999999998,0.46033599999999997,0.891725,0.885397,0.579091,0.370111,0.486137,0.9535799999999999,0.413494,0.501235,0.679926,0.763774,0.682137,0.48556499999999997,0.536154,0.5922390000000001,0.54967,0.389096,1.0066700000000002,0.323034,1.05132
0.45614499999999997,0.0160391,0.383238,0.032096,0.671642,0.955619,0.9842620000000001,0.775518,0.37642800000000004,0.63016,0.978035,0.535081,0.692348,0.8310850000000001,0.894207,0.84457,0.575918,0.6932470000000001,0.748314,0.378825,0.5378539999999999,0.8306180000000001,0.48194499999999996,0.863978
0.571755,0.022347099999999998,0.359329,0.031234300000000003,0.6866270000000001,0.956572,0.9843569999999999,0.809435,0.07290089999999999,0.64413,0.9791479999999999,0.306236,0.646095,0.878102,0.9185040000000001,0.8840610000000001,0.162169,0.625128,0.787686,0.8078649999999999,0.599449,0.763297,0.577217,0.7702479999999999
0.833109,0.01649,0.269387,0.0236169,0.127634,0.860718,0.735712,0.165457,0.753516,0.403843,0.9245530000000001,0.610855,0.347145,0.23373400000000003,0.333561,0.103762,0.87464,0.48462799999999995,0.358605,0.971634,0.38371700000000003,0.9711049999999999,0.366578,0.975844
0.764705,0.014631100000000001,0.26416999999999996,0.0261976,0.208749,0.879025,0.755192,0.0835034,0.783698,0.489746,0.9347790000000001,0.660993,0.156756,0.390662,0.530907,0.33383,0.718162,0.255677,0.26289,0.941293,0.49251999999999996,0.875531,0.51693,0.8642780000000001
0.781521,0.0163385,0.272018,0.0241864,0.134242,0.859209,0.751749,0.169007,0.730761,0.393424,0.923525,0.588733,0.212468,0.375285,0.5217390000000001,0.269956,0.802005,0.331642,0.257193,0.937423,0.467203,0.924465,0.46067700000000006,0.9291590000000001
0.80728,0.0162096,0.282204,0.0284268,0.241633,0.925616,0.866136,0.21340900000000002,0.7338359999999999,0.331504,0.9658610000000001,0.5972890000000001,0.297317,0.29349699999999995,0.409161,0.198401,0.8471120000000001,0.426864,0.301019,0.9767370000000001,0.498508,0.843979,0.493996,0.8461200000000001
0.7604489999999999,0.0146194,0.24729,0.023884400000000004,0.23521799999999998,0.8164819999999999,0.6514270000000001,0.21118699999999999,0.806044,0.577254,0.917954,0.682647,0.17736500000000002,0.43109,0.554265,0.340979,0.738787,0.277003,0.274688,0.9392459999999999,0.459537,0.915906,0.45273,0.919459
0.8070149999999999,0.0152119,0.25963800000000004,0.0237801,0.17314000000000002,0.870237,0.687998,0.189105,0.7993,0.458503,0.952267,0.652804,0.30626,0.29596100000000003,0.363917,0.23703400000000002,0.7886810000000001,0.421512,0.35791300000000004,0.9523450000000001,0.486555,0.894769,0.47855299999999995,0.896133
0.8156180000000001,0.0168967,0.257635,0.0237254,0.172769,0.863819,0.68003,0.13784100000000002,0.7934859999999999,0.489489,0.937715,0.650361,0.294104,0.266029,0.393756,0.151328,0.8526729999999999,0.427184,0.313719,0.973469,0.47963599999999995,0.897739,0.455524,0.905905
0.798371,0.0153381,0.274803,0.024231400000000004,0.135657,0.870547,0.755668,0.164278,0.728861,0.384561,0.9370799999999999,0.5908640000000001,0.232517,0.313187,0.447034,0.210087,0.8098029999999999,0.35567600000000005,0.272656,0.967893,0.425009,0.929525,0.424304,0.9297629999999999
0.83021,0.0166071,0.260293,0.0242081,0.18162999999999999,0.840255,0.698731,0.185541,0.794218,0.46519499999999997,0.921738,0.657747,0.35399,0.244321,0.322469,0.125921,0.8673549999999999,0.487562,0.37335,0.965403,0.444193,0.90755,0.4647,0.902392
0.7971189999999999,0.0159347,0.28786799999999996,0.026598700000000003,0.204866,0.911215,0.850087,0.27613000000000004,0.701645,0.254386,0.957815,0.549112,0.277059,0.318324,0.43904899999999997,0.251654,0.8171390000000001,0.40270300000000003,0.301199,0.974241,0.45574499999999996,0.8987959999999999,0.44778500000000004,0.901633
0.793098,0.0154769,0.28724099999999997,0.0287166,0.24606,0.910674,0.865251,0.262492,0.705747,0.29183200000000004,0.963016,0.569613,0.236727,0.32725,0.467125,0.237407,0.812678,0.36550900000000003,0.263196,0.965208,0.491997,0.8484459999999999,0.5005189999999999,0.843907
0.845923,0.017988999999999998,0.26524899999999996,0.0227574,0.169739,0.840534,0.7191569999999999,0.16155999999999998,0.751678,0.484752,0.938968,0.627955,0.392315,0.198234,0.28869,0.117353,0.8802469999999999,0.530355,0.411049,0.976232,0.425068,0.9462229999999999,0.442725,0.938133
0.7893100000000001,0.0162308,0.27781300000000003,0.029022000000000003,0.25558000000000003,0.9118219999999999,0.858303,0.172016,0.763968,0.389074,0.957261,0.6419090000000001,0.24011799999999997,0.337066,0.48750699999999997,0.267398,0.807294,0.36249699999999996,0.262288,0.9498139999999999,0.47011400000000003,0.8631559999999999,0.488834,0.854459
0.829834,0.0191858,0.259934,0.023171999999999998,0.18338,0.8738309999999999,0.686933,0.187326,0.7521359999999999,0.513474,0.941635,0.622301,0.349115,0.21320799999999998,0.351033,0.137229,0.870136,0.485231,0.367883,0.9709450000000001,0.459454,0.9042479999999999,0.443695,0.911602
0.788888,0.0161094,0.290335,0.0232505,0.14643,0.885878,0.798199,0.26316799999999996,0.665259,0.287211,0.945959,0.5234340000000001,0.223045,0.34531,0.494125,0.255158,0.809194,0.340878,0.257088,0.955701,0.409538,0.9516319999999999,0.398437,0.9582649999999999
0.831628,0.016954499999999997,0.27865,0.0218931,0.11083299999999999,0.879373,0.730883,0.21170500000000003,0.680281,0.36850700000000003,0.9458979999999999,0.534126,0.34452,0.229818,0.353554,0.0856009,0.876202,0.482121,0.364657,0.9698129999999999,0.47364300000000004,0.902594,0.46452200000000005,0.908748
0.845815,0.0198575,0.267277,0.0225858,0.193037,0.893085,0.702611,0.167548,0.734232,0.498075,0.9550299999999999,0.616038,0.406607,0.177564,0.263972,0.11168199999999999,0.8816129999999999,0.542771,0.41948599999999997,0.969159,0.476153,0.9072290000000001,0.467591,0.911818
0.829209,0.0170194,0.27967,0.021236099999999997,0.12280799999999999,0.879408,0.709276,0.268631,0.67085,0.355925,0.9468260000000001,0.520624,0.341026,0.239877,0.341648,0.08107710000000001,0.867981,0.476195,0.365157,0.968397,0.481458,0.9077360000000001,0.471657,0.9158290000000001
0.794759,0.0151441,0.263821,0.0242173,0.20831999999999998,0.8204889999999999,0.757547,0.21577800000000003,0.752033,0.461081,0.933786,0.627099,0.21080900000000002,0.30559200000000003,0.449387,0.230883,0.779562,0.331983,0.282118,0.959901,0.45790600000000004,0.919543,0.457795,0.923573
0.795778,0.0158,0.275411,0.0237466,0.205587,0.923055,0.780566,0.140828,0.709607,0.46032700000000004,0.9635469999999999,0.5932930000000001,0.23973000000000003,0.304726,0.438783,0.21105700000000002,0.802678,0.37252399999999997,0.277568,0.952976,0.582356,0.8281879999999999,0.55175,0.8447399999999999
0.796153,0.0164619,0.28322800000000004,0.026415699999999997,0.217389,0.920198,0.8441780000000001,0.19156900000000002,0.700311,0.35832600000000003,0.9642370000000001,0.572667,0.25692,0.330932,0.47676999999999997,0.22146300000000002,0.835832,0.38614499999999996,0.269804,0.947902,0.58236,0.803272,0.571407,0.8099569999999999
0.8334809999999999,0.018757299999999998,0.307865,0.0242879,0.276632,0.9312389999999999,0.909108,0.387556,0.559072,0.195964,0.96745,0.423059,0.363925,0.18668900000000002,0.317602,0.144317,0.8495790000000001,0.49965600000000004,0.375105,0.959623,0.485037,0.8788590000000001,0.48576800000000003,0.87611
0.7864979999999999,0.0168699,0.2411,0.0219703,0.227213,0.80187,0.5861609999999999,0.251184,0.825277,0.561589,0.897317,0.684466,0.22857600000000003,0.354552,0.515545,0.259521,0.817934,0.349296,0.258155,0.93147,0.43892200000000003,0.929891,0.389768,0.953941
0.774766,0.0137886,0.253448,0.0225599,0.201726,0.8436969999999999,0.630193,0.226935,0.759357,0.547928,0.9322870000000001,0.632093,0.19814,0.362313,0.477099,0.298697,0.739229,0.320769,0.280093,0.9497530000000001,0.441191,0.961609,0.386416,0.988258
